{
  "evaluation_timestamp": "2025-11-16T16:57:31.518554",
  "model_path": "models/hyper-hospital_c/himas_federated_mortality_model_20251116_165239.keras",
  "prediction_threshold": 0.5,
  "hyperparameters_path": "hyperparameters/hospital_c_best_hyperparameters.json",
  "hyperparameters": {
    "num_layers": 3,
    "architecture": "decreasing",
    "first_layer_units": 320,
    "activation": "selu",
    "dropout_rate": 0.2,
    "l2_strength": 0.00017879831499230929,
    "learning_rate": 0.004824014039833979,
    "optimizer": "adamw"
  },
  "configuration": {
    "project_id": "erudite-carving-472018-r5",
    "dataset_id": "federated",
    "hospitals": [
      "hospital_a",
      "hospital_b",
      "hospital_c"
    ]
  },
  "metrics_by_hospital": [
    {
      "hospital": "hospital_a",
      "threshold": 0.5,
      "n_samples": 5059,
      "n_deaths": 593,
      "prevalence": 0.11721684127297885,
      "accuracy": 0.8584700533702313,
      "precision": 0.44609991235758106,
      "recall": 0.8583473861720068,
      "f1_score": 0.5870818915801614,
      "roc_auc": 0.9270825702761505,
      "average_precision": 0.7023247214784739,
      "confusion_matrix": {
        "tn": 3834,
        "fp": 632,
        "fn": 84,
        "tp": 509
      },
      "specificity": 0.8584863412449619,
      "npv": 0.9785604900459418
    },
    {
      "hospital": "hospital_b",
      "threshold": 0.5,
      "n_samples": 4378,
      "n_deaths": 538,
      "prevalence": 0.12288716308816812,
      "accuracy": 0.8592964824120602,
      "precision": 0.4619883040935672,
      "recall": 0.8810408921933085,
      "f1_score": 0.6061381074168798,
      "roc_auc": 0.9389589141883519,
      "average_precision": 0.726264859072386,
      "confusion_matrix": {
        "tn": 3288,
        "fp": 552,
        "fn": 64,
        "tp": 474
      },
      "specificity": 0.85625,
      "npv": 0.9809069212410502
    },
    {
      "hospital": "hospital_c",
      "threshold": 0.5,
      "n_samples": 3237,
      "n_deaths": 359,
      "prevalence": 0.11090515909793018,
      "accuracy": 0.8470806302131604,
      "precision": 0.4090909090909091,
      "recall": 0.8523676880222841,
      "f1_score": 0.5528455284552846,
      "roc_auc": 0.9260870575163425,
      "average_precision": 0.6707940710562084,
      "confusion_matrix": {
        "tn": 2436,
        "fp": 442,
        "fn": 53,
        "tp": 306
      },
      "specificity": 0.846421125781793,
      "npv": 0.9787063077541182
    },
    {
      "hospital": "AGGREGATED",
      "threshold": 0.5,
      "n_samples": 12674,
      "n_deaths": 1490,
      "prevalence": 0.11756351585923938,
      "accuracy": 0.8558466151175635,
      "precision": 0.44219554030874786,
      "recall": 0.8651006711409396,
      "f1_score": 0.585244040862656,
      "roc_auc": 0.931059591362541,
      "average_precision": 0.7018444595339183,
      "confusion_matrix": {
        "tn": 9558,
        "fp": 1626,
        "fn": 201,
        "tp": 1289
      },
      "specificity": 0.8546137339055794,
      "npv": 0.9794036274208423
    }
  ]
}