{
  "timestamp": "20251114_004915",
  "preprocessing": "Fitted on training data only (no leakage)",
  "total_test_samples": 10518,
  "recommendations": {
    "screening": {
      "method": "Target Recall 85%",
      "threshold": 0.6393728852272034,
      "recall": 0.8496644295302014,
      "precision": 0.49783720015729455,
      "specificity": 0.8858190271816881,
      "f1_score": 0.6278204810314902,
      "npv": 0.9778896456420887,
      "accuracy": 0.8815685655673031,
      "tp": 1266,
      "tn": 9907,
      "fp": 1277,
      "fn": 224,
      "total_deaths": 1490,
      "deaths_caught": 1266,
      "deaths_missed": 224
    },
    "balanced": {
      "method": "Youden Index",
      "threshold": 0.6447489261627197,
      "recall": 0.8496644295302014,
      "precision": 0.5,
      "specificity": 0.8868025751072961,
      "f1_score": 0.6295375435106912,
      "npv": 0.9779136265036482,
      "accuracy": 0.8824364841407606,
      "tp": 1266,
      "tn": 9918,
      "fp": 1266,
      "fn": 224,
      "total_deaths": 1490,
      "deaths_caught": 1266,
      "deaths_missed": 224
    },
    "specific": {
      "method": "F1 Maximum",
      "threshold": 0.8619526624679565,
      "recall": 0.714765100671141,
      "precision": 0.640408899579074,
      "specificity": 0.9465307582260372,
      "f1_score": 0.6755470980019029,
      "npv": 0.9614022341295069,
      "accuracy": 0.9192835726684551,
      "tp": 1065,
      "tn": 10586,
      "fp": 598,
      "fn": 425,
      "total_deaths": 1490,
      "deaths_caught": 1065,
      "deaths_missed": 425
    },
    "current": {
      "method": "Current (0.5)",
      "threshold": 0.5,
      "recall": 0.8691275167785235,
      "precision": 0.4407760381211709,
      "specificity": 0.8530937052932761,
      "f1_score": 0.5849141824751581,
      "npv": 0.9799712407559573,
      "accuracy": 0.8549786965441061,
      "tp": 1295,
      "tn": 9541,
      "fp": 1643,
      "fn": 195,
      "total_deaths": 1490,
      "deaths_caught": 1295,
      "deaths_missed": 195
    }
  },
  "all_methods": [
    {
      "method": "Youden Index",
      "threshold": 0.6447489261627197,
      "recall": 0.8496644295302014,
      "precision": 0.5,
      "specificity": 0.8868025751072961,
      "f1_score": 0.6295375435106912,
      "npv": 0.9779136265036482,
      "accuracy": 0.8824364841407606,
      "tp": 1266,
      "tn": 9918,
      "fp": 1266,
      "fn": 224,
      "total_deaths": 1490,
      "deaths_caught": 1266,
      "deaths_missed": 224
    },
    {
      "method": "F1 Maximum",
      "threshold": 0.8619526624679565,
      "recall": 0.714765100671141,
      "precision": 0.640408899579074,
      "specificity": 0.9465307582260372,
      "f1_score": 0.6755470980019029,
      "npv": 0.9614022341295069,
      "accuracy": 0.9192835726684551,
      "tp": 1065,
      "tn": 10586,
      "fp": 598,
      "fn": 425,
      "total_deaths": 1490,
      "deaths_caught": 1065,
      "deaths_missed": 425
    },
    {
      "method": "Target Recall 85%",
      "threshold": 0.6393728852272034,
      "recall": 0.8496644295302014,
      "precision": 0.49783720015729455,
      "specificity": 0.8858190271816881,
      "f1_score": 0.6278204810314902,
      "npv": 0.9778896456420887,
      "accuracy": 0.8815685655673031,
      "tp": 1266,
      "tn": 9907,
      "fp": 1277,
      "fn": 224,
      "total_deaths": 1490,
      "deaths_caught": 1266,
      "deaths_missed": 224
    },
    {
      "method": "Target Recall 80%",
      "threshold": 0.8053885102272034,
      "recall": 0.8,
      "precision": 0.570334928229665,
      "specificity": 0.9197067238912733,
      "f1_score": 0.6659217877094972,
      "npv": 0.9718442932728647,
      "accuracy": 0.905633580558624,
      "tp": 1192,
      "tn": 10286,
      "fp": 898,
      "fn": 298,
      "total_deaths": 1490,
      "deaths_caught": 1192,
      "deaths_missed": 298
    },
    {
      "method": "Cost-Sensitive (10:1)",
      "threshold": 0.6252525252525253,
      "recall": 0.8523489932885906,
      "precision": 0.49320388349514566,
      "specificity": 0.8833154506437768,
      "f1_score": 0.6248462484624846,
      "npv": 0.9782156649173186,
      "accuracy": 0.879674925043396,
      "tp": 1270,
      "tn": 9879,
      "fp": 1305,
      "fn": 220,
      "total_deaths": 1490,
      "deaths_caught": 1270,
      "deaths_missed": 220
    },
    {
      "method": "Current (0.5)",
      "threshold": 0.5,
      "recall": 0.8691275167785235,
      "precision": 0.4407760381211709,
      "specificity": 0.8530937052932761,
      "f1_score": 0.5849141824751581,
      "npv": 0.9799712407559573,
      "accuracy": 0.8549786965441061,
      "tp": 1295,
      "tn": 9541,
      "fp": 1643,
      "fn": 195,
      "total_deaths": 1490,
      "deaths_caught": 1295,
      "deaths_missed": 195
    }
  ]
}