{
  "timestamp": "20251114_010335",
  "preprocessing": "Fitted on training data only (no leakage)",
  "total_test_samples": 10518,
  "recommendations": {
    "screening": {
      "method": "Target Recall 85%",
      "threshold": 0.45993149280548096,
      "recall": 0.8496644295302014,
      "precision": 0.5123431808984217,
      "specificity": 0.8922567954220315,
      "f1_score": 0.6392325170411512,
      "npv": 0.9780456728413212,
      "accuracy": 0.8872494871390247,
      "tp": 1266,
      "tn": 9979,
      "fp": 1205,
      "fn": 224,
      "total_deaths": 1490,
      "deaths_caught": 1266,
      "deaths_missed": 224
    },
    "balanced": {
      "method": "Youden Index",
      "threshold": 0.4668678641319275,
      "recall": 0.8496644295302014,
      "precision": 0.5154723127035831,
      "specificity": 0.8935979971387696,
      "f1_score": 0.6416624429802331,
      "npv": 0.9780779017420239,
      "accuracy": 0.8884330124664668,
      "tp": 1266,
      "tn": 9994,
      "fp": 1190,
      "fn": 224,
      "total_deaths": 1490,
      "deaths_caught": 1266,
      "deaths_missed": 224
    },
    "specific": {
      "method": "F1 Maximum",
      "threshold": 0.7264449000358582,
      "recall": 0.7778523489932886,
      "precision": 0.5983479607640682,
      "specificity": 0.9304363376251789,
      "f1_score": 0.6763933469506858,
      "npv": 0.9691720219800689,
      "accuracy": 0.9124980274577876,
      "tp": 1159,
      "tn": 10406,
      "fp": 778,
      "fn": 331,
      "total_deaths": 1490,
      "deaths_caught": 1159,
      "deaths_missed": 331
    },
    "current": {
      "method": "Current (0.5)",
      "threshold": 0.5,
      "recall": 0.8395973154362416,
      "precision": 0.5303094531581178,
      "specificity": 0.9009298998569385,
      "f1_score": 0.6500389711613406,
      "npv": 0.9768298594280175,
      "accuracy": 0.8937194255957077,
      "tp": 1251,
      "tn": 10076,
      "fp": 1108,
      "fn": 239,
      "total_deaths": 1490,
      "deaths_caught": 1251,
      "deaths_missed": 239
    }
  },
  "all_methods": [
    {
      "method": "Youden Index",
      "threshold": 0.4668678641319275,
      "recall": 0.8496644295302014,
      "precision": 0.5154723127035831,
      "specificity": 0.8935979971387696,
      "f1_score": 0.6416624429802331,
      "npv": 0.9780779017420239,
      "accuracy": 0.8884330124664668,
      "tp": 1266,
      "tn": 9994,
      "fp": 1190,
      "fn": 224,
      "total_deaths": 1490,
      "deaths_caught": 1266,
      "deaths_missed": 224
    },
    {
      "method": "F1 Maximum",
      "threshold": 0.7264449000358582,
      "recall": 0.7778523489932886,
      "precision": 0.5983479607640682,
      "specificity": 0.9304363376251789,
      "f1_score": 0.6763933469506858,
      "npv": 0.9691720219800689,
      "accuracy": 0.9124980274577876,
      "tp": 1159,
      "tn": 10406,
      "fp": 778,
      "fn": 331,
      "total_deaths": 1490,
      "deaths_caught": 1159,
      "deaths_missed": 331
    },
    {
      "method": "Target Recall 85%",
      "threshold": 0.45993149280548096,
      "recall": 0.8496644295302014,
      "precision": 0.5123431808984217,
      "specificity": 0.8922567954220315,
      "f1_score": 0.6392325170411512,
      "npv": 0.9780456728413212,
      "accuracy": 0.8872494871390247,
      "tp": 1266,
      "tn": 9979,
      "fp": 1205,
      "fn": 224,
      "total_deaths": 1490,
      "deaths_caught": 1266,
      "deaths_missed": 224
    },
    {
      "method": "Target Recall 80%",
      "threshold": 0.6631297469139099,
      "recall": 0.8,
      "precision": 0.5758454106280193,
      "specificity": 0.9214949928469242,
      "f1_score": 0.6696629213483146,
      "npv": 0.9718973972086006,
      "accuracy": 0.9072116143285466,
      "tp": 1192,
      "tn": 10306,
      "fp": 878,
      "fn": 298,
      "total_deaths": 1490,
      "deaths_caught": 1192,
      "deaths_missed": 298
    },
    {
      "method": "Cost-Sensitive (10:1)",
      "threshold": 0.3424242424242424,
      "recall": 0.8785234899328859,
      "precision": 0.4572127139364303,
      "specificity": 0.8610515021459227,
      "f1_score": 0.6014243050769584,
      "npv": 0.9815513199469983,
      "accuracy": 0.8631055704592079,
      "tp": 1309,
      "tn": 9630,
      "fp": 1554,
      "fn": 181,
      "total_deaths": 1490,
      "deaths_caught": 1309,
      "deaths_missed": 181
    },
    {
      "method": "Current (0.5)",
      "threshold": 0.5,
      "recall": 0.8395973154362416,
      "precision": 0.5303094531581178,
      "specificity": 0.9009298998569385,
      "f1_score": 0.6500389711613406,
      "npv": 0.9768298594280175,
      "accuracy": 0.8937194255957077,
      "tp": 1251,
      "tn": 10076,
      "fp": 1108,
      "fn": 239,
      "total_deaths": 1490,
      "deaths_caught": 1251,
      "deaths_missed": 239
    }
  ]
}