{
  "timestamp": "20251114_011712",
  "preprocessing": "Fitted on training data only (no leakage)",
  "total_test_samples": 10596,
  "recommendations": {
    "screening": {
      "method": "Target Recall 85%",
      "threshold": 0.6674933433532715,
      "recall": 0.8496644295302014,
      "precision": 0.4953051643192488,
      "specificity": 0.884656652360515,
      "f1_score": 0.6258032624814631,
      "npv": 0.9778612373986953,
      "accuracy": 0.8805428436168534,
      "tp": 1266,
      "tn": 9894,
      "fp": 1290,
      "fn": 224,
      "total_deaths": 1490,
      "deaths_caught": 1266,
      "deaths_missed": 224
    },
    "balanced": {
      "method": "Youden Index",
      "threshold": 0.7234152555465698,
      "recall": 0.8436241610738255,
      "precision": 0.5160098522167488,
      "specificity": 0.8945815450643777,
      "f1_score": 0.6403464085583291,
      "npv": 0.9772416487595234,
      "accuracy": 0.888590815843459,
      "tp": 1257,
      "tn": 10005,
      "fp": 1179,
      "fn": 233,
      "total_deaths": 1490,
      "deaths_caught": 1257,
      "deaths_missed": 233
    },
    "specific": {
      "method": "F1 Maximum",
      "threshold": 0.8686136603355408,
      "recall": 0.7416107382550335,
      "precision": 0.6176634991615427,
      "specificity": 0.9388412017167382,
      "f1_score": 0.6739859713327234,
      "npv": 0.9646302250803859,
      "accuracy": 0.915654094997633,
      "tp": 1105,
      "tn": 10500,
      "fp": 684,
      "fn": 385,
      "total_deaths": 1490,
      "deaths_caught": 1105,
      "deaths_missed": 385
    },
    "current": {
      "method": "Current (0.5)",
      "threshold": 0.5,
      "recall": 0.8651006711409396,
      "precision": 0.43709732112580535,
      "specificity": 0.8515736766809728,
      "f1_score": 0.580761432755125,
      "npv": 0.9793316195372751,
      "accuracy": 0.853163957708695,
      "tp": 1289,
      "tn": 9524,
      "fp": 1660,
      "fn": 201,
      "total_deaths": 1490,
      "deaths_caught": 1289,
      "deaths_missed": 201
    }
  },
  "all_methods": [
    {
      "method": "Youden Index",
      "threshold": 0.7234152555465698,
      "recall": 0.8436241610738255,
      "precision": 0.5160098522167488,
      "specificity": 0.8945815450643777,
      "f1_score": 0.6403464085583291,
      "npv": 0.9772416487595234,
      "accuracy": 0.888590815843459,
      "tp": 1257,
      "tn": 10005,
      "fp": 1179,
      "fn": 233,
      "total_deaths": 1490,
      "deaths_caught": 1257,
      "deaths_missed": 233
    },
    {
      "method": "F1 Maximum",
      "threshold": 0.8686136603355408,
      "recall": 0.7416107382550335,
      "precision": 0.6176634991615427,
      "specificity": 0.9388412017167382,
      "f1_score": 0.6739859713327234,
      "npv": 0.9646302250803859,
      "accuracy": 0.915654094997633,
      "tp": 1105,
      "tn": 10500,
      "fp": 684,
      "fn": 385,
      "total_deaths": 1490,
      "deaths_caught": 1105,
      "deaths_missed": 385
    },
    {
      "method": "Target Recall 85%",
      "threshold": 0.6674933433532715,
      "recall": 0.8496644295302014,
      "precision": 0.4953051643192488,
      "specificity": 0.884656652360515,
      "f1_score": 0.6258032624814631,
      "npv": 0.9778612373986953,
      "accuracy": 0.8805428436168534,
      "tp": 1266,
      "tn": 9894,
      "fp": 1290,
      "fn": 224,
      "total_deaths": 1490,
      "deaths_caught": 1266,
      "deaths_missed": 224
    },
    {
      "method": "Target Recall 80%",
      "threshold": 0.8202052712440491,
      "recall": 0.8,
      "precision": 0.5684310920362422,
      "specificity": 0.9190808297567954,
      "f1_score": 0.6646222470030666,
      "npv": 0.9718256594497494,
      "accuracy": 0.9050812687391511,
      "tp": 1192,
      "tn": 10279,
      "fp": 905,
      "fn": 298,
      "total_deaths": 1490,
      "deaths_caught": 1192,
      "deaths_missed": 298
    },
    {
      "method": "Cost-Sensitive (10:1)",
      "threshold": 0.6575757575757576,
      "recall": 0.8523489932885906,
      "precision": 0.4937791601866252,
      "specificity": 0.8835836909871244,
      "f1_score": 0.6253077301821762,
      "npv": 0.9782221342308454,
      "accuracy": 0.8799116301088843,
      "tp": 1270,
      "tn": 9882,
      "fp": 1302,
      "fn": 220,
      "total_deaths": 1490,
      "deaths_caught": 1270,
      "deaths_missed": 220
    },
    {
      "method": "Current (0.5)",
      "threshold": 0.5,
      "recall": 0.8651006711409396,
      "precision": 0.43709732112580535,
      "specificity": 0.8515736766809728,
      "f1_score": 0.580761432755125,
      "npv": 0.9793316195372751,
      "accuracy": 0.853163957708695,
      "tp": 1289,
      "tn": 9524,
      "fp": 1660,
      "fn": 201,
      "total_deaths": 1490,
      "deaths_caught": 1289,
      "deaths_missed": 201
    }
  ]
}